<?xml version="1.0" encoding="UTF-8" standalone="yes"?>
<addon id="plugin.video.xstream" name="xStream" version="3.5.19" provider-name="xStream-Team">
 <requires>
    <import addon="script.module.requests"/>
    <import addon="script.module.urlresolver"/>
    <import addon="script.module.six" version="1.11.0"/>
    <import addon="repository.xstream" optional="true"/>
    <import addon="script.module.inputstreamhelper" version="0.3.3" optional="true"/>
 </requires>
 <extension point="xbmc.python.pluginsource" library="default.py">
   <provides>video</provides>
 </extension>
     <extension point="xbmc.service" library="service.py" start="startup" />
 <extension point="xbmc.addon.metadata">
   <summary lang="de">Watch xStream!</summary>
   <description lang="de">Mit diesem Addon kannst du auf alle angebotenen Streams verschiedenster deutschen Quellen zugreifen</description>
   <disclaimer lang="de">Die von diesem Addon dargestellten Inhalte werden von den Erstellern des Addons weder gehostet oder verbreitet, noch stehen die Ersteller in irgendeiner Beziehung zu den Content-Anbietern.</disclaimer>
   <source>https://github.com/streamxstream/plugin.video.xstream</source>
   <license>GNU GPLv3</license>
   <platform>all</platform>
   <news>
3.5.19
  15.11.2020
- [moviestream] Seite hinzugefügt
- [general] Ersetzte script.module.metahandler durch TMDB scraper
- [general] füge contextmenu Erweiterte Info TMDB hinzu
- [general] add erkennung von jahr in title
- [general] add einstellung Benutze Cover als Fanart
- [hd-streams.to] fix episode
- [kinox] update domains
- entfernt moviestream
- [Movie4k Click] add site
- [kkiste] fix suche
- [requestHandler] use socket.setdefaulttimeout
- [streamkiste] fix Serien
- entfernt alleserien, moviedream, movie4k
- [hd-streams.to] fix site
- fix hosterSelect List
- [HD-Streams.org] fix site
- [cinenator] fix next page

   </news>
   <assets>
     <icon>icon.png</icon>
     <fanart>fanart.jpg</fanart>
     <screenshot>resources/art/screenshot-01.jpg</screenshot>
     <screenshot>resources/art/screenshot-02.jpg</screenshot>
   </assets>
 </extension>
</addon>
